Datetime,Water Level (m)
2025-04-07 06:00:00,-0.49020994
2025-04-07 07:00:00,-0.56286806
2025-04-07 08:00:00,-0.55980587
2025-04-07 09:00:00,-0.44018772
2025-04-07 10:00:00,-0.18644594
2025-04-07 11:00:00,0.060867872
2025-04-07 12:00:00,0.23873197
2025-04-07 13:00:00,0.34357584
2025-04-07 14:00:00,0.37672314
2025-04-07 15:00:00,0.30031317
2025-04-07 16:00:00,0.10150018
2025-04-07 17:00:00,-0.14239897
2025-04-07 18:00:00,-0.33361584
2025-04-07 19:00:00,-0.48033148
2025-04-07 20:00:00,-0.59153223
2025-04-07 21:00:00,-0.6600335
2025-04-07 22:00:00,-0.6013613
2025-04-07 23:00:00,-0.34695065
2025-04-08 00:00:00,-0.118809976
2025-04-08 01:00:00,0.03897153
2025-04-08 02:00:00,0.14002602
2025-04-08 03:00:00,0.16804826
2025-04-08 04:00:00,0.09546981
2025-04-08 05:00:00,-0.100744046
2025-04-08 06:00:00,-0.30652294
2025-04-08 07:00:00,-0.46361744
2025-04-08 08:00:00,-0.5824812
2025-04-08 09:00:00,-0.6430049
2025-04-08 10:00:00,-0.5774214
2025-04-08 11:00:00,-0.2544251
2025-04-08 12:00:00,0.057865817
2025-04-08 13:00:00,0.2662628
2025-04-08 14:00:00,0.40461454
2025-04-08 15:00:00,0.4390523
2025-04-08 16:00:00,0.34939066
2025-04-08 17:00:00,0.11093261
2025-04-08 18:00:00,-0.17892489
2025-04-08 19:00:00,-0.39646688
2025-04-08 20:00:00,-0.5698784
2025-04-08 21:00:00,-0.6935029
2025-04-08 22:00:00,-0.7588062
2025-04-08 23:00:00,-0.62572193
2025-04-09 00:00:00,-0.25780842
2025-04-09 01:00:00,-0.012089912
2025-04-09 02:00:00,0.1632687
2025-04-09 03:00:00,0.2776659
2025-04-09 04:00:00,0.2808408
2025-04-09 05:00:00,0.13953863
2025-04-09 06:00:00,-0.13663529
2025-04-09 07:00:00,-0.3649195
2025-04-09 08:00:00,-0.5397228
2025-04-09 09:00:00,-0.67595506
2025-04-09 10:00:00,-0.75196594
2025-04-09 11:00:00,-0.62711656
2025-04-09 12:00:00,-0.2080491
2025-04-09 13:00:00,0.106319256
2025-04-09 14:00:00,0.31839544
2025-04-09 15:00:00,0.45936814
2025-04-09 16:00:00,0.47422737
2025-04-09 17:00:00,0.3388996
2025-04-09 18:00:00,0.04276277
2025-04-09 19:00:00,-0.24711584
2025-04-09 20:00:00,-0.46207345
2025-04-09 21:00:00,-0.6320801
2025-04-09 22:00:00,-0.7630671
2025-04-09 23:00:00,-0.789777
2025-04-10 00:00:00,-0.43367314
2025-04-10 01:00:00,-0.05316471
2025-04-10 02:00:00,0.21217455
2025-04-10 03:00:00,0.39605257
2025-04-10 04:00:00,0.48108575
2025-04-10 05:00:00,0.41754934
2025-04-10 06:00:00,0.177011
2025-04-10 07:00:00,-0.12392897
2025-04-10 08:00:00,-0.3536961
2025-04-10 09:00:00,-0.5360466
2025-04-10 10:00:00,-0.67902
2025-04-10 11:00:00,-0.7359591
2025-04-10 12:00:00,-0.4487873
2025-04-10 13:00:00,0.0024064933
2025-04-10 14:00:00,0.31372827
2025-04-10 15:00:00,0.53503907
2025-04-10 16:00:00,0.6415587
2025-04-10 17:00:00,0.5838181
2025-04-10 18:00:00,0.33934227
2025-04-10 19:00:00,-0.0013262026
2025-04-10 20:00:00,-0.26678297
2025-04-10 21:00:00,-0.47568694
2025-04-10 22:00:00,-0.64672136
2025-04-10 23:00:00,-0.7515277
2025-04-11 00:00:00,-0.64810115
2025-04-11 01:00:00,-0.119509526
2025-04-11 02:00:00,0.22355525
2025-04-11 03:00:00,0.47198996
2025-04-11 04:00:00,0.62589604
2025-04-11 05:00:00,0.6347431
2025-04-11 06:00:00,0.46338242
2025-04-11 07:00:00,0.13398798
2025-04-11 08:00:00,-0.14296226
2025-04-11 09:00:00,-0.35636944
2025-04-11 10:00:00,-0.5449397
2025-04-11 11:00:00,-0.6798264
2025-04-11 12:00:00,-0.6532705
2025-04-11 13:00:00,-0.1550293
2025-04-11 14:00:00,0.23667565
2025-04-11 15:00:00,0.5040979
2025-04-11 16:00:00,0.6633525
2025-04-11 17:00:00,0.68128633
2025-04-11 18:00:00,0.5091348
2025-04-11 19:00:00,0.16052675
2025-04-11 20:00:00,-0.14609385
2025-04-11 21:00:00,-0.36632252
2025-04-11 22:00:00,-0.5632517
2025-04-11 23:00:00,-0.7285298
2025-04-12 00:00:00,-0.77273375
2025-04-12 01:00:00,-0.3614455
2025-04-12 02:00:00,0.10322559
2025-04-12 03:00:00,0.41922083
2025-04-12 04:00:00,0.65086865
2025-04-12 05:00:00,0.73916125
2025-04-12 06:00:00,0.6405246
2025-04-12 07:00:00,0.33474627
2025-04-12 08:00:00,-0.0028688218
2025-04-12 09:00:00,-0.2597866
2025-04-12 10:00:00,-0.46661872
2025-04-12 11:00:00,-0.6421814
2025-04-12 12:00:00,-0.7342305
2025-04-12 13:00:00,-0.49106425
2025-04-12 14:00:00,0.036048263
2025-04-12 15:00:00,0.37209392
2025-04-12 16:00:00,0.6027869
2025-04-12 17:00:00,0.67373854
2025-04-12 18:00:00,0.590943
2025-04-12 19:00:00,0.2956741
2025-04-12 20:00:00,-0.07042382
2025-04-12 21:00:00,-0.33433628
2025-04-12 22:00:00,-0.5465665
2025-04-12 23:00:00,-0.7269518
2025-04-13 00:00:00,-0.84228295
2025-04-13 01:00:00,-0.6629257
2025-04-13 02:00:00,-0.09226714
2025-04-13 03:00:00,0.2858856
2025-04-13 04:00:00,0.5658363
2025-04-13 05:00:00,0.72109365
2025-04-13 06:00:00,0.6999118
